{
  "AskPrices": [
    18.190000534057617,
    18.200000762939453,
    18.209999084472656,
    18.219999313354492,
    18.229999542236328
  ],
  "AskVolumes": [
    113.0,
    198.0,
    106.0,
    258.0,
    209.0
  ],
  "AvgAskPrice": 18.930000305175781,
  "AvgBidPrice": 17.719999313354492,
  "BidPrices": [
    18.079999923706055,
    18.069999694824219,
    18.059999465942383,
    18.049999237060547,
    18.040000915527344
  ],
  "BidVolumes": [
    450.0,
    524.0,
    833.0,
    847.0,
    622.0
  ],
  "QuoteType": "SDPK",
  "StockCode": "SH600362",
  "StockName": "江西铜业",
  "TotalAskVol": 38931.0,
  "TotalBidVol": 24785.0
}